<?xml version="1.0" encoding="utf-8"?>
<resources>
    <dimen name="_20sdp">20dp</dimen>
    <dimen name="_50sdp">50dp</dimen>
    <dimen name="_18sdp">18dp</dimen>
    <dimen name="_16sdp">16dp</dimen>
    <dimen name="_5sdp">5dp</dimen>
    <dimen name="_10sdp">10dp</dimen>
    <dimen name="_100sdp">100dp</dimen>
    <dimen name="_80sdp">80dp</dimen>
    <dimen name="_11sdp">11dp</dimen>
    <dimen name="_6sdp">6dp</dimen>
    <dimen name="_9sdp">9dp</dimen>
    <dimen name="_60sdp">60dp</dimen>
    <dimen name="_120sdp">120dp</dimen>
    <dimen name="_30sdp">30dp</dimen>
    <dimen name="_15sdp">15dp</dimen>
    <dimen name="_14sdp">14dp</dimen>
    <dimen name="_290sdp">290dp</dimen>
    <dimen name="_40sdp">40dp</dimen>
    <dimen name="_150sdp">150dp</dimen>
    <dimen name="_8sdp">8dp</dimen>
    <dimen name="_70sdp">70dp</dimen>
    <dimen name="_2sdp">2dp</dimen>
    <dimen name="_1dp">1dp</dimen>
    <dimen name="_300sdp">300dp</dimen>
    <dimen name="_3sdp">3dp</dimen>
    <dimen name="_12sdp">12dp</dimen>
    <dimen name="_280sdp">280dp</dimen>
    <dimen name="_35sdp">35dp</dimen>
    <dimen name="_90sdp">90dp</dimen>
    <dimen name="_1sdp">1dp</dimen>
    <dimen name="_29sdp">29dp</dimen>

    <dimen name="_250sdp">250dp</dimen>
    <dimen name="_17sdp">17dp</dimen>
    <dimen name="_55sdp">55dp</dimen>
    <dimen name="_7sdp">7dp</dimen>
    <dimen name="_180sdp">180dp</dimen>
    <dimen name="_160sdp">160dp</dimen>
    <dimen name="_220sdp">220dp</dimen>
    <dimen name="_200sdp">200dp</dimen>
    <dimen name="_210sdp">210dp</dimen>
    <dimen name="fab_margin">16dp</dimen>
    <dimen name="_550sdp">550dp</dimen>
    <dimen name="_400sdp">400dp</dimen>
    <!-- Default screen margins, per the Android Design guidelines. -->
    <dimen name="activity_horizontal_margin">16dp</dimen>
    <dimen name="activity_vertical_margin">16dp</dimen>
    <dimen name="_65sdp">65dp</dimen>
    <dimen name="_230sdp">230dp</dimen>
    <dimen name="_25sdp">25dp</dimen>
    <dimen name="_130sdp">130dp</dimen>
    <dimen name="_45sdp">45dp</dimen>
    <dimen name="_24sdp">24dp</dimen>
    <dimen name="_26sdp">26dp</dimen>
    <dimen name="_140sdp">140dp</dimen>
    <dimen name="_260sdp">260dp</dimen>
    <dimen name="_240sdp">240dp</dimen>
    <dimen name="_75sdp">75dp</dimen>
    <dimen name="nav_header_vertical_spacing">8dp</dimen>
    <dimen name="nav_header_height">150dp</dimen>
    <dimen name="_350sdp">350dp</dimen>
    <dimen name="_320sdp">320dp</dimen>
    <dimen name="_28sdp">28dp</dimen>
    <dimen name="_37sdp">37dp</dimen>
    <dimen name="_185sdp">185dp</dimen>
    <dimen name="_32sdp">32dp</dimen>
    <dimen name="margin_8">8dp</dimen>
    <dimen name="margin_4">4dp</dimen>
    <dimen name="_110sdp">110dp</dimen>
    <dimen name="_19sdp">19dp</dimen>
    <dimen name="_500sdp">500dp</dimen>
    <dimen name="_13sdp">13dp</dimen>
    <dimen name="_4sdp">4dp</dimen>
    <dimen name="_800sdp">800dp</dimen>
    <dimen name="_22sdp">22dp</dimen>
    <dimen name="_95sdp">95dp</dimen>
    <dimen name="_85sdp">85dp</dimen>
    <dimen name="_170sdp">170dp</dimen>

</resources>